test,clear,123123123
electa_koch@hahn.net,Luiz Miguel Rezende,9516587506
johann2088@casper.org,Benício da Terra Jr.,(320) 253-7303
price2028@durgan.org,Heitor da Luz,258-396-9744
jennie.emmerich@krajcik.info,Mariana da Bandeira,574-427-6331
savannah_christiansen@ferry.name,Sophie de Quadros,8373619886
audie1972@muller.com,Fabrício da Silveira,(379) 952-1535
darion1903@luettgen.name,Carla Antena,806-771-1154
tyra1957@collier.org,Lara Moniz,462.249.6188
jesus.reynolds@weimann.org,Clara Godins Neto,758-214-7491
lizzie.franecki@glover.name,Feliciano Bittencourt,634-626-7869
emiliano.goldner@rutherford.biz,Francisco Neves,309/219-2073
theresia1989@senger.info,Fernando Conceição Jr.,707-259-4364
jayce1923@jast.com,Vinícius Fontinhas Neto,5076441593
kenton_leannon@nikolaus.info,Isabelly Diegues,261.615.9266
omer2055@treutel.net,Mathias Ferraço,(336) 207-4326
darian1997@kuhlman.info,Yuri Rezende,576/852-3735
jerel.mcdermott@schmidt.info,Mirella da Paz,731/793-3999
judah.kutch@herzog.org,Dr. Maria Eduarda Caldas,208-839-4860
sheldon2034@sanford.biz,Nicole Cabreira,670/236-2953
elizabeth_sipes@lueilwitz.org,Márcia Barreira Filho,246-552-2314
ines2099@mayer.biz,Luiza Albuquerque,(653) 713-0711
delores2040@barrows.biz,Nicolas Banheira,975/572-6173
dallin.mccullough@parker.com,Alícia Novaes,8577680377
aida_kuhn@frami.org,Sílvia Guterres,(969) 745-7564
valerie.gerhold@dooley.name,Tertuliano Porto,(672) 996-0219
sierra2013@rice.info,Sra. Maria Júlia Galego Jr.,988-296-3050
pablo_stark@gorczany.name,Ayla Rameira,505-854-3144
keyon_thompson@aufderhar.org,Esther Videira,331-472-7764
linwood2052@schmidt.name,Srta. Júlia da Fronteira Neto,2297695820
gladys.turcotte@nienow.info,Clara Regueira,8532560315
garrett.graham@ledner.info,Davi Lucca da Rocha,(236) 826-1059
emmet_grimes@lakin.com,Norberto Veloso Jr.,428/733-3819
tristian_stoltenberg@pouros.biz,Isabela Tavares,487/909-5365
lucinda1973@shields.info,Maria Cecília Espinheira,(224) 379-2017
grover2034@christiansen.info,Emanuel Corte Neto,704/858-8944
guiseppe.stroman@jacobson.net,Vicente Leiria,837/835-4244
preston.hirthe@marquardt.net,Giovanna Gomes,676-568-9704
margret1949@hettinger.info,Sophia Fontes,(549) 276-8174
yessenia.schumm@gorczany.info,Pedro Melo,611-599-9796
abe1930@fisher.name,Clarice da Barra,644/682-8122
eladio1933@schmeler.info,Alessandra Espinhosa,461-409-2220
oswaldo_muller@bergnaum.biz,Janaína Carreira,(741) 909-7872
hazle1932@tillman.biz,Maitê Fernandes,922/516-0649
wilburn2070@jerde.org,João Miguel Crespo,504-864-2317
haley1999@keebler.biz,Enzo Gabriel Roriz,342-556-2897
dawson_turcotte@weber.org,Víctor Nogueira,(875) 635-9995
leopoldo1954@walsh.org,Fabiano Franco Jr.,782.356.3573
bryon_feeney@hammes.biz,Ana Lívia Geraldes,(662) 851-1086
bessie2055@ratke.net,João Miguel Vimaranes,701.502.3214
leonie_mcdermott@bailey.com,Sr. Theo de Lins Filho,213/429-4630
test@nando.com,fernando,123654
qweqwe1231@adqwd.com,qwe,1231265436
qcc@akasd.com,fea,13100009
,asdasda,23123
nando.andrade@gmail.com,Fernando,86787686
